,Product_Name,Product_ID
0,"#10- 4 1/8"" x 9 1/2"" Recycled Envelopes",OFF-EN-10000461
1,"#10- 4 1/8"" x 9 1/2"" Recycled Envelopes",OFF-EN-10000781
2,"#10- 4 1/8"" x 9 1/2"" Recycled Envelopes",OFF-EN-10000461
3,"#10- 4 1/8"" x 9 1/2"" Recycled Envelopes",OFF-EN-10000461
4,"#10- 4 1/8"" x 9 1/2"" Recycled Envelopes",OFF-EN-10000461
5,"#10- 4 1/8"" x 9 1/2"" Recycled Envelopes",OFF-EN-10000461
6,"#10- 4 1/8"" x 9 1/2"" Recycled Envelopes",OFF-EN-10000461
7,"#10- 4 1/8"" x 9 1/2"" Recycled Envelopes",OFF-EN-10000781
8,"#10- 4 1/8"" x 9 1/2"" Recycled Envelopes",OFF-EN-10000461
9,"#10- 4 1/8"" x 9 1/2"" Recycled Envelopes",OFF-EN-10000461
10,Avery Non-Stick Binders,OFF-BI-10004140
11,Avery Non-Stick Binders,OFF-BI-10004140
12,Avery Non-Stick Binders,OFF-BI-10004140
13,Avery Non-Stick Binders,OFF-BI-10004140
14,Avery Non-Stick Binders,OFF-BI-10000829
15,Avery Non-Stick Binders,OFF-BI-10000829
16,Avery Non-Stick Binders,OFF-BI-10000829
17,Avery Non-Stick Binders,OFF-BI-10004140
18,Avery Non-Stick Binders,OFF-BI-10004140
19,Avery Non-Stick Binders,OFF-BI-10004140
20,Avery Non-Stick Binders,OFF-BI-10004140
21,Avery Non-Stick Binders,OFF-BI-10004140
22,Avery Non-Stick Binders,OFF-BI-10004140
23,Avery Non-Stick Binders,OFF-BI-10000829
24,Avery Non-Stick Binders,OFF-BI-10004140
25,Avery Non-Stick Binders,OFF-BI-10000829
26,Avery Non-Stick Binders,OFF-BI-10000829
27,Avery Non-Stick Binders,OFF-BI-10000829
28,Avery Non-Stick Binders,OFF-BI-10004140
29,Avery Non-Stick Binders,OFF-BI-10004140
30,Easy-staple paper,OFF-PA-10000249
31,Easy-staple paper,OFF-PA-10000474
32,Easy-staple paper,OFF-PA-10000249
33,Easy-staple paper,OFF-PA-10000474
34,Easy-staple paper,OFF-PA-10000474
35,Easy-staple paper,OFF-PA-10000349
36,Easy-staple paper,OFF-PA-10003127
37,Easy-staple paper,OFF-PA-10001685
38,Easy-staple paper,OFF-PA-10001685
39,Easy-staple paper,OFF-PA-10000349
40,Easy-staple paper,OFF-PA-10004947
41,Easy-staple paper,OFF-PA-10001685
42,Easy-staple paper,OFF-PA-10000474
43,Easy-staple paper,OFF-PA-10000349
44,Easy-staple paper,OFF-PA-10000474
45,Easy-staple paper,OFF-PA-10000249
46,Easy-staple paper,OFF-PA-10003127
47,Easy-staple paper,OFF-PA-10001685
48,Easy-staple paper,OFF-PA-10000474
49,Easy-staple paper,OFF-PA-10000349
50,Easy-staple paper,OFF-PA-10000349
51,Easy-staple paper,OFF-PA-10003127
52,Easy-staple paper,OFF-PA-10000565
53,Easy-staple paper,OFF-PA-10000349
54,Easy-staple paper,OFF-PA-10002764
55,Easy-staple paper,OFF-PA-10003127
56,Easy-staple paper,OFF-PA-10004947
57,Easy-staple paper,OFF-PA-10002764
58,Easy-staple paper,OFF-PA-10000474
59,Easy-staple paper,OFF-PA-10000249
60,Easy-staple paper,OFF-PA-10003127
61,Easy-staple paper,OFF-PA-10000349
62,Easy-staple paper,OFF-PA-10002764
63,Easy-staple paper,OFF-PA-10000474
64,Easy-staple paper,OFF-PA-10000249
65,Easy-staple paper,OFF-PA-10000474
66,Easy-staple paper,OFF-PA-10000249
67,Easy-staple paper,OFF-PA-10000474
68,Easy-staple paper,OFF-PA-10004947
69,Easy-staple paper,OFF-PA-10000474
70,Easy-staple paper,OFF-PA-10001685
71,Easy-staple paper,OFF-PA-10000349
72,Easy-staple paper,OFF-PA-10000565
73,Easy-staple paper,OFF-PA-10003127
74,Easy-staple paper,OFF-PA-10000474
75,Easy-staple paper,OFF-PA-10000349
76,Eldon Wave Desk Accessories,FUR-FU-10000023
77,Eldon Wave Desk Accessories,FUR-FU-10000023
78,Eldon Wave Desk Accessories,FUR-FU-10003981
79,Eldon Wave Desk Accessories,FUR-FU-10000023
80,Eldon Wave Desk Accessories,FUR-FU-10000023
81,Eldon Wave Desk Accessories,FUR-FU-10000023
82,Eldon Wave Desk Accessories,FUR-FU-10000023
83,Eldon Wave Desk Accessories,FUR-FU-10003981
84,Eldon Wave Desk Accessories,FUR-FU-10003981
85,Eldon Wave Desk Accessories,FUR-FU-10003981
86,Eldon Wave Desk Accessories,FUR-FU-10003981
87,Eldon Wave Desk Accessories,FUR-FU-10000023
88,Eldon Wave Desk Accessories,FUR-FU-10000023
89,Eldon Wave Desk Accessories,FUR-FU-10000023
90,KI Adjustable-Height Table,FUR-TA-10004086
91,KI Adjustable-Height Table,FUR-TA-10001039
92,KI Adjustable-Height Table,FUR-TA-10001039
93,KI Adjustable-Height Table,FUR-TA-10004086
94,KI Adjustable-Height Table,FUR-TA-10001039
95,KI Adjustable-Height Table,FUR-TA-10004086
96,KI Adjustable-Height Table,FUR-TA-10001039
97,KI Adjustable-Height Table,FUR-TA-10004086
98,KI Adjustable-Height Table,FUR-TA-10001039
99,KI Adjustable-Height Table,FUR-TA-10004086
100,KI Adjustable-Height Table,FUR-TA-10001039
101,KI Adjustable-Height Table,FUR-TA-10001039
102,KI Adjustable-Height Table,FUR-TA-10001039
103,KI Adjustable-Height Table,FUR-TA-10004086
104,KI Adjustable-Height Table,FUR-TA-10001039
105,KI Adjustable-Height Table,FUR-TA-10004086
106,KI Adjustable-Height Table,FUR-TA-10001039
107,KI Adjustable-Height Table,FUR-TA-10001039
108,Okidata C610n Printer,TEC-MA-10003230
109,Okidata C610n Printer,TEC-MA-10001856
110,"Peel & Seel Recycled Catalog Envelopes, Brown",OFF-EN-10003448
111,"Peel & Seel Recycled Catalog Envelopes, Brown",OFF-EN-10002592
112,"Peel & Seel Recycled Catalog Envelopes, Brown",OFF-EN-10002592
113,"Peel & Seel Recycled Catalog Envelopes, Brown",OFF-EN-10002592
114,"Peel & Seel Recycled Catalog Envelopes, Brown",OFF-EN-10002592
115,"Peel & Seel Recycled Catalog Envelopes, Brown",OFF-EN-10003448
116,Prang Drawing Pencil Set,OFF-AR-10003251
117,Prang Drawing Pencil Set,OFF-AR-10003251
118,Prang Drawing Pencil Set,OFF-AR-10003251
119,Prang Drawing Pencil Set,OFF-AR-10002766
120,Prang Drawing Pencil Set,OFF-AR-10003251
121,Prang Drawing Pencil Set,OFF-AR-10002766
122,Prang Drawing Pencil Set,OFF-AR-10003251
123,Prang Drawing Pencil Set,OFF-AR-10003251
124,Prang Drawing Pencil Set,OFF-AR-10002766
125,Prang Drawing Pencil Set,OFF-AR-10002766
126,Prang Drawing Pencil Set,OFF-AR-10003251
127,Staple envelope,OFF-EN-10001990
128,Staple envelope,OFF-EN-10001415
129,Staple envelope,OFF-EN-10001990
130,Staple envelope,OFF-EN-10001099
131,Staple envelope,OFF-EN-10001539
132,Staple envelope,OFF-EN-10003134
133,Staple envelope,OFF-EN-10002621
134,Staple envelope,OFF-EN-10002621
135,Staple envelope,OFF-EN-10003134
136,Staple envelope,OFF-EN-10001990
137,Staple envelope,OFF-EN-10001990
138,Staple envelope,OFF-EN-10003134
139,Staple envelope,OFF-EN-10003286
140,Staple envelope,OFF-EN-10001539
141,Staple envelope,OFF-EN-10001539
142,Staple envelope,OFF-EN-10004773
143,Staple envelope,OFF-EN-10001415
144,Staple envelope,OFF-EN-10001415
145,Staple envelope,OFF-EN-10001099
146,Staple envelope,OFF-EN-10001099
147,Staple envelope,OFF-EN-10001028
148,Staple envelope,OFF-EN-10004773
149,Staple envelope,OFF-EN-10004773
150,Staple envelope,OFF-EN-10001099
151,Staple envelope,OFF-EN-10001539
152,Staple envelope,OFF-EN-10001099
153,Staple envelope,OFF-EN-10003286
154,Staple envelope,OFF-EN-10002621
155,Staple envelope,OFF-EN-10001990
156,Staple envelope,OFF-EN-10001539
157,Staple envelope,OFF-EN-10002621
158,Staple envelope,OFF-EN-10004773
159,Staple envelope,OFF-EN-10001990
160,Staple envelope,OFF-EN-10003134
161,Staple envelope,OFF-EN-10001028
162,Staple envelope,OFF-EN-10003286
163,Staple envelope,OFF-EN-10003286
164,Staple envelope,OFF-EN-10003286
165,Staple envelope,OFF-EN-10001415
166,Staple envelope,OFF-EN-10003134
167,Staple envelope,OFF-EN-10002621
168,Staple envelope,OFF-EN-10003134
169,Staple envelope,OFF-EN-10003286
170,Staple envelope,OFF-EN-10003286
171,Staple envelope,OFF-EN-10001539
172,Staple envelope,OFF-EN-10001539
173,Staple envelope,OFF-EN-10003134
174,Staple envelope,OFF-EN-10001415
175,Staple holder,OFF-AP-10004249
176,Staple holder,OFF-AP-10002222
177,Staple holder,OFF-AP-10004249
178,Staple holder,OFF-AP-10004249
179,Staple holder,OFF-AP-10001366
180,Staple holder,OFF-AP-10001366
181,Staple holder,OFF-AP-10002222
182,Staple holder,OFF-AP-10002222
183,Staple holder,OFF-AP-10004249
184,Staple holder,OFF-AP-10001366
185,Staple holder,OFF-AP-10001366
186,Staple holder,OFF-AP-10004249
187,Staple holder,OFF-AP-10002222
188,Staple magnet,OFF-ST-10003221
189,Staple magnet,OFF-ST-10002562
190,Staple magnet,OFF-ST-10002562
191,Staple magnet,OFF-ST-10002562
192,Staple magnet,OFF-ST-10003221
193,Staple magnet,OFF-ST-10003221
194,Staple magnet,OFF-ST-10002562
195,Staple magnet,OFF-ST-10002562
196,Staple magnet,OFF-ST-10002562
197,Staple magnet,OFF-ST-10002562
198,Staple remover,OFF-SU-10001225
199,Staple remover,OFF-SU-10001935
200,Staple remover,OFF-SU-10001225
201,Staple remover,OFF-SU-10001935
202,Staple remover,OFF-SU-10001935
203,Staple remover,OFF-SU-10000946
204,Staple remover,OFF-SU-10001225
205,Staple remover,OFF-SU-10000946
206,Staple remover,OFF-SU-10001225
207,Staple remover,OFF-SU-10001225
208,Staple remover,OFF-SU-10000946
209,Staple remover,OFF-SU-10001225
210,Staple remover,OFF-SU-10001225
211,Staple remover,OFF-SU-10000946
212,Staple remover,OFF-SU-10001225
213,Staple remover,OFF-SU-10001935
214,Staple remover,OFF-SU-10001935
215,Staple remover,OFF-SU-10001935
216,Staple-based wall hangings,FUR-FU-10004351
217,Staple-based wall hangings,FUR-FU-10001940
218,Staple-based wall hangings,FUR-FU-10001940
219,Staple-based wall hangings,FUR-FU-10001940
220,Staple-based wall hangings,FUR-FU-10004351
221,Staple-based wall hangings,FUR-FU-10001940
222,Staple-based wall hangings,FUR-FU-10001940
223,Staple-based wall hangings,FUR-FU-10001940
224,Staple-based wall hangings,FUR-FU-10001940
225,Staple-based wall hangings,FUR-FU-10001940
226,Staple-based wall hangings,FUR-FU-10004351
227,Staple-based wall hangings,FUR-FU-10004351
228,Staple-based wall hangings,FUR-FU-10004351
229,Staple-based wall hangings,FUR-FU-10001940
230,Staple-based wall hangings,FUR-FU-10004351
231,Staple-based wall hangings,FUR-FU-10001940
232,Staples,OFF-FA-10002780
233,Staples,OFF-FA-10002780
234,Staples,OFF-FA-10002815
235,Staples,OFF-FA-10003112
236,Staples,OFF-FA-10003495
237,Staples,OFF-FA-10000735
238,Staples,OFF-FA-10003021
239,Staples,OFF-FA-10003112
240,Staples,OFF-FA-10001843
241,Staples,OFF-FA-10002815
242,Staples,OFF-FA-10002975
243,Staples,OFF-FA-10002780
244,Staples,OFF-FA-10001229
245,Staples,OFF-FA-10002975
246,Staples,OFF-FA-10003112
247,Staples,OFF-FA-10003495
248,Staples,OFF-FA-10003021
249,Staples,OFF-FA-10000735
250,Staples,OFF-FA-10003495
251,Staples,OFF-FA-10000735
252,Staples,OFF-FA-10003112
253,Staples,OFF-FA-10002780
254,Staples,OFF-FA-10003021
255,Staples,OFF-FA-10001843
256,Staples,OFF-FA-10003495
257,Staples,OFF-FA-10003112
258,Staples,OFF-FA-10002815
259,Staples,OFF-FA-10001229
260,Staples,OFF-FA-10003021
261,Staples,OFF-FA-10003485
262,Staples,OFF-FA-10001229
263,Staples,OFF-FA-10001843
264,Staples,OFF-FA-10000735
265,Staples,OFF-FA-10003021
266,Staples,OFF-FA-10003112
267,Staples,OFF-FA-10003495
268,Staples,OFF-FA-10001843
269,Staples,OFF-FA-10002975
270,Staples,OFF-FA-10003112
271,Staples,OFF-FA-10003485
272,Staples,OFF-FA-10003495
273,Staples,OFF-FA-10002780
274,Staples,OFF-FA-10002975
275,Staples,OFF-FA-10003495
276,Staples,OFF-FA-10003021
277,Staples,OFF-FA-10000735
278,Staples in misc. colors,OFF-AR-10001166
279,Staples in misc. colors,OFF-AR-10004790
280,Staples in misc. colors,OFF-AR-10002280
281,Staples in misc. colors,OFF-AR-10003631
282,Staples in misc. colors,OFF-AR-10002280
283,Staples in misc. colors,OFF-AR-10003087
284,Staples in misc. colors,OFF-AR-10003631
285,Staples in misc. colors,OFF-AR-10004062
286,Staples in misc. colors,OFF-AR-10003087
287,Staples in misc. colors,OFF-AR-10004062
288,Staples in misc. colors,OFF-AR-10001166
289,Staples in misc. colors,OFF-AR-10004062
290,Staples in misc. colors,OFF-AR-10001166
291,Staples in misc. colors,OFF-AR-10003087
292,Staples in misc. colors,OFF-AR-10003631
293,Staples in misc. colors,OFF-AR-10004707
294,Staples in misc. colors,OFF-AR-10004707
295,Staples in misc. colors,OFF-AR-10003631
296,Staples in misc. colors,OFF-AR-10004790
297,Storex Dura Pro Binders,OFF-BI-10001922
298,Storex Dura Pro Binders,OFF-BI-10001922
299,Storex Dura Pro Binders,OFF-BI-10004364
300,Storex Dura Pro Binders,OFF-BI-10001922
301,Storex Dura Pro Binders,OFF-BI-10004364
302,Storex Dura Pro Binders,OFF-BI-10001922
303,Storex Dura Pro Binders,OFF-BI-10004364
304,Storex Dura Pro Binders,OFF-BI-10004364
305,Storex Dura Pro Binders,OFF-BI-10001922
306,Storex Dura Pro Binders,OFF-BI-10004364
307,Storex Dura Pro Binders,OFF-BI-10004364
308,Storex Dura Pro Binders,OFF-BI-10004364
309,Storex Dura Pro Binders,OFF-BI-10004364
310,Storex Dura Pro Binders,OFF-BI-10004364
311,Storex Dura Pro Binders,OFF-BI-10004364
312,Storex Dura Pro Binders,OFF-BI-10004364
313,Storex Dura Pro Binders,OFF-BI-10004364
